{
	"x" : {
		"data" : [
			{
				"x" : [
					52.18974,
					52.18974,
					null,
					53.03941,
					53.03941,
					null,
					56.0501,
					56.0501,
					null,
					56.96313,
					56.96313,
					null,
					56.96552,
					56.96552,
					null,
					57.03421,
					57.03421,
					null,
					58.50525,
					58.50525,
					null,
					67.42288,
					67.42288,
					null,
					67.5106,
					67.5106,
					null,
					71.04971,
					71.04971,
					null,
					71.061,
					71.061,
					null,
					76.51577,
					76.51577,
					null,
					77.93456,
					77.93456,
					null,
					77.99899,
					77.99899,
					null,
					79.01839,
					79.01839,
					null,
					79.05505,
					79.05505,
					null,
					80.97412,
					80.97412,
					null,
					87.00454,
					87.00454,
					null,
					97.00799,
					97.00799,
					null,
					98.98461,
					98.98461,
					null,
					99.00218,
					99.00218,
					null,
					99.04456,
					99.04456,
					null,
					99.05566,
					99.05566,
					null,
					99.09205,
					99.09205,
					null,
					100.0992,
					100.0992,
					null,
					113.9636,
					113.9636,
					null,
					116.9863,
					116.9863,
					null,
					116.995,
					116.995
				],
				"y" : [
					0,
					1,
					null,
					0,
					1,
					null,
					0,
					1,
					null,
					0,
					1,
					null,
					0,
					1,
					null,
					0,
					1,
					null,
					0,
					1,
					null,
					0,
					1,
					null,
					0,
					1,
					null,
					0,
					1,
					null,
					0,
					1,
					null,
					0,
					1,
					null,
					0,
					1,
					null,
					0,
					1,
					null,
					0,
					1,
					null,
					0,
					1,
					null,
					0,
					1,
					null,
					0,
					1,
					null,
					0,
					1,
					null,
					0,
					100,
					null,
					0,
					1,
					null,
					0,
					1,
					null,
					0,
					1,
					null,
					0,
					1,
					null,
					0,
					1,
					null,
					0,
					1,
					null,
					0,
					1,
					null,
					0,
					1
				],
				"text" : [
					"mz:  52.18974<br />mz:  52.18974<br />Relative Intensity:   1",
					"mz:  52.18974<br />mz:  52.18974<br />Relative Intensity:   1",
					null,
					"mz:  53.03941<br />mz:  53.03941<br />Relative Intensity:   1",
					"mz:  53.03941<br />mz:  53.03941<br />Relative Intensity:   1",
					null,
					"mz:  56.05010<br />mz:  56.05010<br />Relative Intensity:   1",
					"mz:  56.05010<br />mz:  56.05010<br />Relative Intensity:   1",
					null,
					"mz:  56.96313<br />mz:  56.96313<br />Relative Intensity:   1",
					"mz:  56.96313<br />mz:  56.96313<br />Relative Intensity:   1",
					null,
					"mz:  56.96552<br />mz:  56.96552<br />Relative Intensity:   1",
					"mz:  56.96552<br />mz:  56.96552<br />Relative Intensity:   1",
					null,
					"mz:  57.03421<br />mz:  57.03421<br />Relative Intensity:   1",
					"mz:  57.03421<br />mz:  57.03421<br />Relative Intensity:   1",
					null,
					"mz:  58.50525<br />mz:  58.50525<br />Relative Intensity:   1",
					"mz:  58.50525<br />mz:  58.50525<br />Relative Intensity:   1",
					null,
					"mz:  67.42288<br />mz:  67.42288<br />Relative Intensity:   1",
					"mz:  67.42288<br />mz:  67.42288<br />Relative Intensity:   1",
					null,
					"mz:  67.51060<br />mz:  67.51060<br />Relative Intensity:   1",
					"mz:  67.51060<br />mz:  67.51060<br />Relative Intensity:   1",
					null,
					"mz:  71.04971<br />mz:  71.04971<br />Relative Intensity:   1",
					"mz:  71.04971<br />mz:  71.04971<br />Relative Intensity:   1",
					null,
					"mz:  71.06100<br />mz:  71.06100<br />Relative Intensity:   1",
					"mz:  71.06100<br />mz:  71.06100<br />Relative Intensity:   1",
					null,
					"mz:  76.51577<br />mz:  76.51577<br />Relative Intensity:   1",
					"mz:  76.51577<br />mz:  76.51577<br />Relative Intensity:   1",
					null,
					"mz:  77.93456<br />mz:  77.93456<br />Relative Intensity:   1",
					"mz:  77.93456<br />mz:  77.93456<br />Relative Intensity:   1",
					null,
					"mz:  77.99899<br />mz:  77.99899<br />Relative Intensity:   1",
					"mz:  77.99899<br />mz:  77.99899<br />Relative Intensity:   1",
					null,
					"mz:  79.01839<br />mz:  79.01839<br />Relative Intensity:   1",
					"mz:  79.01839<br />mz:  79.01839<br />Relative Intensity:   1",
					null,
					"mz:  79.05505<br />mz:  79.05505<br />Relative Intensity:   1",
					"mz:  79.05505<br />mz:  79.05505<br />Relative Intensity:   1",
					null,
					"mz:  80.97412<br />mz:  80.97412<br />Relative Intensity:   1",
					"mz:  80.97412<br />mz:  80.97412<br />Relative Intensity:   1",
					null,
					"mz:  87.00454<br />mz:  87.00454<br />Relative Intensity:   1",
					"mz:  87.00454<br />mz:  87.00454<br />Relative Intensity:   1",
					null,
					"mz:  97.00799<br />mz:  97.00799<br />Relative Intensity:   1",
					"mz:  97.00799<br />mz:  97.00799<br />Relative Intensity:   1",
					null,
					"mz:  98.98461<br />mz:  98.98461<br />Relative Intensity: 100",
					"mz:  98.98461<br />mz:  98.98461<br />Relative Intensity: 100",
					null,
					"mz:  99.00218<br />mz:  99.00218<br />Relative Intensity:   1",
					"mz:  99.00218<br />mz:  99.00218<br />Relative Intensity:   1",
					null,
					"mz:  99.04456<br />mz:  99.04456<br />Relative Intensity:   1",
					"mz:  99.04456<br />mz:  99.04456<br />Relative Intensity:   1",
					null,
					"mz:  99.05566<br />mz:  99.05566<br />Relative Intensity:   1",
					"mz:  99.05566<br />mz:  99.05566<br />Relative Intensity:   1",
					null,
					"mz:  99.09205<br />mz:  99.09205<br />Relative Intensity:   1",
					"mz:  99.09205<br />mz:  99.09205<br />Relative Intensity:   1",
					null,
					"mz: 100.09917<br />Relative Intensity:   1",
					"mz: 100.09917<br />Relative Intensity:   1",
					null,
					"mz: 113.96356<br />Relative Intensity:   1",
					"mz: 113.96356<br />Relative Intensity:   1",
					null,
					"mz: 116.98628<br />Relative Intensity:   1",
					"mz: 116.98628<br />Relative Intensity:   1",
					null,
					"mz: 116.99496<br />Relative Intensity:   1",
					"mz: 116.99496<br />Relative Intensity:   1"
				],
				"type" : "scatter",
				"mode" : "lines",
				"line" : {
					"width" : 1.889764,
					"color" : "rgba(0,0,255,1)",
					"dash" : "solid"
				},
				"hoveron" : "points",
				"showlegend" : false,
				"xaxis" : "x",
				"yaxis" : "y",
				"hoverinfo" : "text",
				"name" : ""
			},
			{
				"x" : [
					80.9736,
					80.9736,
					null,
					98.9838,
					98.9838
				],
				"y" : [
					0,
					-5,
					null,
					0,
					-100
				],
				"text" : [
					"mz: 80.9736<br />Relative Intensity:   5<br />Fragment Formula: H2O3P",
					"mz: 80.9736<br />Relative Intensity:   5<br />Fragment Formula: H2O3P",
					null,
					"mz: 98.9838<br />Relative Intensity: 100<br />Fragment Formula: Unknown",
					"mz: 98.9838<br />Relative Intensity: 100<br />Fragment Formula: Unknown"
				],
				"type" : "scatter",
				"mode" : "lines",
				"line" : {
					"width" : 1.889764,
					"color" : "rgba(255,0,0,1)",
					"dash" : "solid"
				},
				"hoveron" : "points",
				"showlegend" : false,
				"xaxis" : "x",
				"yaxis" : "y",
				"hoverinfo" : "text",
				"name" : ""
			},
			{
				"x" : [
					52.18974,
					53.03941,
					56.0501,
					56.96313,
					56.96552,
					57.03421,
					58.50525,
					67.42288,
					67.5106,
					71.04971,
					71.061,
					76.51577,
					77.93456,
					77.99899,
					79.01839,
					79.05505,
					80.97412,
					87.00454,
					97.00799,
					98.98461,
					99.00218,
					99.04456,
					99.05566,
					99.09205,
					100.0992,
					113.9636,
					116.9863,
					116.995
				],
				"y" : [
					null,
					null,
					null,
					null,
					null,
					null,
					null,
					null,
					null,
					null,
					null,
					null,
					null,
					null,
					null,
					null,
					6,
					null,
					null,
					105,
					null,
					null,
					null,
					null,
					null,
					null,
					null,
					null
				],